name,gender
Rahul,Male
Priya,Female
Suresh,Male
Anjali,Female
Kiran,Male
Pooja,Female
Ravi,Male
Sneha,Female
Arjun,Male
Kavya,Female
Naga Swaroop,Male
Swaroop,Male
Manideep,Male
Amit,Male
Deepa,Female
Vijay,Male
Meena,Female
Anil,Male
Sunita,Female
Rohit,Male
Geeta,Female
Sanjay,Male
Rekha,Female
Nikhil,Male
Nisha,Female
Rajesh,Male
Aarti,Female
Manoj,Male
Usha,Female
Prakash,Male
Lata,Female
Dinesh,Male
Swati,Female
Ajay,Male
Manju,Female
Ashok,Male
Seema,Female
Vivek,Male
Ritu,Female
Shyam,Male
Suman,Female
Rakesh,Male
Vandana,Female
Pankaj,Male
Shweta,Female
Vikas,Male
Neha,Female
Gaurav,Male
Isha,Female
Harish,Male
Poonam,Female
Vinod,Male
Jyoti,Female
Akhil,Male
Anita,Female
Manish,Male
Sarita,Female
Deepak,Male
Madhuri,Female
Naveen,Male
Reena,Female
Saurabh,Male
Nandini,Female
Tarun,Male
Archana,Female
Sachin,Male
Divya,Female
Hemant,Male
Bhavna,Female
Sunil,Male
Kalpana,Female
Girish,Male
Nalini,Female
Rajiv,Male
Sangita,Female
Lokesh,Male
Shreya,Female
Varun,Male
Manisha,Female
Yash,Male
Renu,Female
Abhishek,Male
Pallavi,Female
Mohit,Male
Tanvi,Female
Kunal,Male
Preeti,Female
Anand,Male
Shalini,Female
Rishabh,Male
Kritika,Female
Vishal,Male
Megha,Female
Chirag,Male
Bhavana,Female
Darshan,Male
Rupal,Female
Nitin,Male
Hema,Female
Pranav,Male
Chhaya,Female
Siddharth,Male
Trupti,Female
Karan,Male
Namrata,Female
Devendra,Male
Sudha,Female
Pritam,Male
Savita,Female
Aakash,Male
Amrita,Female
Bhushan,Male
Vrinda,Female
Sameer,Male
Chitra,Female
Paresh,Male
Sheetal,Female
Ashwin,Male
Smita,Female
Ramesh,Male
Veena,Female
Milind,Male
Komal,Female
Kedar,Male
Shilpa,Female
Ganesh,Male
Babita,Female
Santosh,Male
Padma,Female
Abhijit,Male
Jayashree,Female
Umesh,Male
Kamla,Female
Yogesh,Male
Alka,Female
Mahesh,Male
Sudeshna,Female
Chetan,Male
Rajni,Female
Ajit,Male
Sarla,Female
Mukesh,Male
Hemlata,Female
Jitendra,Male
Saroj,Female
Sudhir,Male
Mamta,Female
Vijayendra,Male
Champa,Female
Rajan,Male
Pushpa,Female
Neeraj,Male
Mala,Female
Vinay,Male
Vimla,Female
Pradeep,Male
Leela,Female
Shailesh,Male
Vasudha,Female
Kamlesh,Male
Tara,Female
Bhupesh,Male
Gousia,Female
Yashoda,Female
Supraja,Female
Manjeera,Female
Sumitra,Female
Rakshit,Male
Yamini,Female
Jayant,Male
Parvati,Female
Lalit,Male
Shanta,Female
Balram,Male
Gauri,Female
Naresh,Male
Durgesh,Female
Devraj,Male
Meenakshi,Female
Brijesh,Male
Radha,Female
Trilok,Male
Chandrika,Female
Tushar,Male
Vidya,Female
Shyamlal,Male
Kamini,Female
Ranjit,Male
Sushma,Female
Suhas,Male
Indira,Female
Girja,Male
Malti,Female
Govind,Male
Saraswati,Female
Harendra,Male
Kalavati,Female
Ashutosh,Male
Shakuntala,Female
Subhash,Male
Nalina,Female
Dinkar,Male
Sheela,Female
Brijmohan,Male
Sulochana,Female
Chandrakant,Male
Rajkumari,Female
Raghavendra,Male
Rukhmini,Female
Virendra,Male
Prabha,Female
Bharat,Male
Sharda,Female
Nagesh,Male
Kusum,Female
Trilokesh,Male
Bhagwati,Female
Tejpal,Male
Lalita,Female
Hitesh,Male
Vatsala,Female
Rohan,Male
Sanya,Female
Ishaan,Male
Ananya,Female
Aditya,Male
Rhea,Female
Kabir,Male
Aisha,Female
Rudra,Male
Zara,Female
Aryan,Male
Tanya,Female
Dhruv,Male
Radhika,Female
Yuvraj,Male
Pihu,Female
Krish,Male
Navya,Female
Rehan,Male
Anika,Female
Viraj,Male
Myra,Female
Shaurya,Male
Riya,Female
Aarav,Male
Sara,Female
Vivaan,Male
Kiara,Female
Arnav,Male
Aarohi,Female
Vihaan,Male
Shanaya,Female
Advait,Male
Diya,Female
Shlok,Male
Avni,Female
Ayan,Male
Ishita,Female
Atharv,Male
Khushi,Female
Reyansh,Male
Tanishka,Female
Shivansh,Male
Nia,Female
Parth,Male
Trisha,Female
Dev,Male
Siya,Female
Kush,Male
Anvi,Female
Naman,Male
Urvi,Female
Kartik,Male
Ridhi,Female
Mihir,Male
Chetna,Female
Lakshya,Male
Harshita,Female
Amogh,Male
Vanya,Female
Pranit,Male
Swara,Female
Vedant,Male
Mahi,Female
Arav,Male
Juhi,Female
Soham,Male
Suhana,Female
Ishan,Male
Sanvi,Female
Siddhant,Male
Chahat,Female
Neel,Male
Pari,Female
Tejas,Male
Prachi,Female
Shrey,Male
Shruti,Female
Tanmay,Male
Jhanvi,Female
Nirav,Male
Aadhya,Female
Param,Male
Nitya,Female
Jatin,Male
Mahika,Female
Vivek,Male
Ira,Female
Kaustubh,Male
Mishka,Female
Harshad,Male
Srishti,Female
Keshav,Male
Aarya,Female
Omkar,Male
Nandita,Female
Samarth,Male
Lavanya,Female
Prasad,Male
Sumati,Female
Shubham,Male
Kratika,Female
Akash,Male
Sonal,Female
Ronak,Male
Hina,Female
Jayesh,Male
Bharti,Female
Sandesh,Male
Kanchan,Female
Mayank,Male
Rashmi,Female
Raunak,Male
Vinita,Female
Ujjwal,Male
Anjana,Female
Sumit,Male
Padmini,Female
Mithun,Male
Nalika,Female
Tej,Male
Vaishali,Female
Hemendra,Male
Nirmala,Female
Umang,Male
Supriya,Female
Yuvaan,Male
Monisha,Female
Nakul,Male
Preethi,Female
Jai,Male
Shobha,Female
Bhavin,Male
Varsha,Female
Rupesh,Male
Sapna,Female
Ruchir,Male
Kanika,Female
Abhinav,Male
Nitu,Female
Hardik,Male
Dimple,Female
Prakhar,Male
Chanchal,Female
Shivam,Male
Nupoor,Female
Vicky,Male
Tulsi,Female
Ankit,Male
Chameli,Female
Sagar,Male
Ganga,Female
Nishant,Male
Yamuna,Female
Tanuj,Male
Sadhana,Female
Kiran,Male
Bhumi,Female
Pranav,Male
Kamakshi,Female
Lokendra,Male
Sundari,Female
Rajkumar,Male
Hemavathi,Female
Balakrishna,Male
Sarojini,Female
Krishnamurthy,Male
Kalyani,Female
Venkatesan,Male
Vasantha,Female
Murugan,Male
Ponni,Female
Selvam,Male
Meenambika,Female
Pandian,Male
Revathi,Female
Subramanian,Male
Ambika,Female
Thangaraj,Male
Nalayini,Female
Arumugam,Male
Kavitha,Female
Senthil,Male
Anjalai,Female
Shanmugam,Male
Padmavathi,Female
Krishnan,Male
Saranya,Female
Palani,Male
Deepika,Female
Sundar,Male
Keerthi,Female
Muthukumar,Male
Sivakami,Female
Venkatesh,Male
Alamelu,Female
Saravanan,Male
Geetha,Female
Balamurugan,Male
Vijayalakshmi,Female
Raghunath,Male
Sumathy,Female
Prabhu,Male
Vennila,Female
Sivakumar,Male
Malarvizhi,Female
Annamalai,Male
Kokila,Female
Thirumurthy,Male
Oviya,Female
Dinakaran,Male
Renuka,Female
Jayachandran,Male
Nithyasree,Female
Ramamurthy,Male
Chandra,Female
Gopalakrishnan,Male
Tamilarasi,Female
Chandrasekhar,Male
Hamsaveni,Female
Appasamy,Male
Kannagi,Female
Perumal,Male
Mahalakshmi,Female
Soundarajan,Male
Gomathi,Female
Parthasarathy,Male
Seethalakshmi,Female
Natarajan,Male
Muthulakshmi,Female
Subbaiah,Male
Visalakshi,Female
Rajagopalan,Male
Dhanalakshmi,Female
Veerasamy,Male
Umamaheswari,Female
Lakshminarayan,Male
Pramila,Female
Ramamohan,Male
Mythili,Female
Periyasamy,Male
Karthika,Female
Velusamy,Male
Narayani,Female
Muthuswamy,Male
Janaki,Female
Arulmurugan,Male
Valarmathi,Female
Duraipandi,Male
Thenmozhi,Female
Palanisamy,Male
Periyanayaki,Female
Rajagopal,Male
Kanimozhi,Female
Balasubramanian,Male
Kannamma,Female
Shanmugasundaram,Male
Rajeswari,Female
Devarajan,Male
Kumudha,Female
Sundaresan,Male
Leelavathi,Female
Murugesan,Male
Chellamma,Female
Ramasamy,Male
Bhagyalakshmi,Female
Gurusamy,Male
Vimala,Female
Ayyasamy,Male
Thilaga,Female
Krishnaswamy,Male
Mohanapriya,Female
Vijayakumar,Male
Shenbagavalli,Female
Manohar,Male
Neelaveni,Female
Somasundaram,Male
Andal,Female
Durairaj,Male
Kamala,Female
Balaji,Male
Gowri,Female
Selvakumar,Male
Mangai,Female
Amarnath,Male
Rajitha,Female
